contractSymbol,lastTradeDate,strike,lastPrice,bid,ask,change,percentChange,volume,openInterest,impliedVolatility,inTheMoney,contractSize,currency,volume_nonzero,oi_ov,bas,ticker,expiry
AAL260320C00018000,2026-01-09 19:19:49+00:00,18.0,0.55,0.58,0.61,0.08000001,17.021278,168.0,8191,0.476567734375,False,REGULAR,USD,168.0,48.75595238095238,0.030000000000000027,AAL,2026-03-20
AAPL260320C00280000,2026-01-09 20:59:08+00:00,280.0,4.1,4.05,4.1,-0.22000027,-5.0925984,3262.0,49147,0.2503126727294922,False,REGULAR,USD,3262.0,15.066523605150214,0.04999999999999982,AAPL,2026-03-20
AAPL260320C00290000,2026-01-09 20:57:14+00:00,290.0,2.23,2.2,2.23,-0.119999886,-5.1063786,2630.0,13725,0.24719991088867188,False,REGULAR,USD,2630.0,5.218631178707224,0.029999999999999805,AAPL,2026-03-20
AAPL260320C00295000,2026-01-09 20:49:25+00:00,295.0,1.63,1.59,1.64,-0.110000014,-6.32184,435.0,6661,0.24750508361816403,False,REGULAR,USD,435.0,15.312643678160919,0.04999999999999982,AAPL,2026-03-20
AAPL260320C00300000,2026-01-09 20:59:19+00:00,300.0,1.21,1.18,1.2,-0.07999992,-6.201545,2421.0,34020,0.2482374981689453,False,REGULAR,USD,2421.0,14.052044609665428,0.020000000000000018,AAPL,2026-03-20
AAPL260320C00310000,2026-01-09 20:46:23+00:00,310.0,0.66,0.64,0.67,-0.01999998,-2.9411738,372.0,7631,0.2534254345703125,False,REGULAR,USD,372.0,20.513440860215052,0.030000000000000027,AAPL,2026-03-20
AG260220C00019000,2026-01-09 20:58:38+00:00,19.0,2.16,2.13,2.21,0.46000004,27.058825,401.0,6511,0.8876964355468748,False,REGULAR,USD,401.0,16.236907730673316,0.08000000000000007,AG,2026-02-20
AG260220C00020000,2026-01-09 20:59:51+00:00,20.0,1.79,1.76,1.83,0.39,27.857143,932.0,9152,0.8984385156249999,False,REGULAR,USD,932.0,9.819742489270386,0.07000000000000006,AG,2026-02-20
AG260220C00021000,2026-01-09 20:46:49+00:00,21.0,1.43,1.42,1.51,0.27999997,24.347824,136.0,4011,0.901368173828125,False,REGULAR,USD,136.0,29.49264705882353,0.09000000000000008,AG,2026-02-20
AG260220C00024000,2026-01-09 20:55:58+00:00,24.0,0.88,0.83,0.9,0.20999998,31.343279,154.0,1019,0.9521489160156249,False,REGULAR,USD,154.0,6.616883116883117,0.07000000000000006,AG,2026-02-20
AGNC260320C00012000,2026-01-09 20:51:57+00:00,12.0,0.14,0.13,0.18,0.04,39.999996,1134.0,12729,0.20313296874999998,False,REGULAR,USD,1134.0,11.224867724867725,0.04999999999999999,AGNC,2026-03-20
AMD260320C00210000,2026-01-09 20:59:34+00:00,210.0,15.55,15.5,15.6,-1.1500006,-6.8862305,416.0,6494,0.5287522711181643,False,REGULAR,USD,416.0,15.610576923076923,0.09999999999999964,AMD,2026-03-20
AMD260320C00220000,2026-01-09 20:58:23+00:00,220.0,11.9,11.85,11.95,-1.0500002,-8.10811,1022.0,8403,0.5269822692871093,False,REGULAR,USD,1022.0,8.222113502935422,0.09999999999999964,AMD,2026-03-20
AMD260320C00250000,2026-01-09 20:57:51+00:00,250.0,5.2,5.15,5.25,-0.5,-8.77193,833.0,13002,0.5341233111572266,False,REGULAR,USD,833.0,15.608643457382954,0.09999999999999964,AMD,2026-03-20
AMD260320C00270000,2026-01-09 20:33:18+00:00,270.0,2.96,2.96,3.05,-0.3599999,-10.84337,185.0,3965,0.5441940112304688,False,REGULAR,USD,185.0,21.43243243243243,0.08999999999999986,AMD,2026-03-20
AMD260320C00280000,2026-01-09 20:09:55+00:00,280.0,2.27,2.27,2.32,-0.26999998,-10.629921,206.0,5865,0.5498091894531252,False,REGULAR,USD,206.0,28.47087378640777,0.04999999999999982,AMD,2026-03-20
AMD260320C00300000,2026-01-09 20:53:45+00:00,300.0,1.35,1.35,1.39,-0.13999999,-9.395972,847.0,7919,0.562626444091797,False,REGULAR,USD,847.0,9.349468713105077,0.039999999999999813,AMD,2026-03-20
AMD260320C00310000,2026-01-09 20:44:42+00:00,310.0,1.1,1.05,1.09,-0.049999952,-4.347822,84.0,1202,0.569340244140625,False,REGULAR,USD,84.0,14.30952380952381,0.040000000000000036,AMD,2026-03-20
AMD260320C00320000,2026-01-09 20:47:26+00:00,320.0,0.87,0.82,0.87,-0.060000002,-6.4516134,155.0,4603,0.5766643896484375,False,REGULAR,USD,155.0,29.696774193548386,0.050000000000000044,AMD,2026-03-20
AMD260320C00330000,2026-01-09 18:58:31+00:00,330.0,0.68,0.65,0.69,-0.060000002,-8.1081085,370.0,2316,0.5835002587890624,False,REGULAR,USD,370.0,6.2594594594594595,0.039999999999999925,AMD,2026-03-20
AMD260320C00350000,2026-01-09 19:01:47+00:00,350.0,0.46,0.41,0.45,0.0,0.0,71.0,2273,0.5971719970703125,False,REGULAR,USD,71.0,32.014084507042256,0.040000000000000036,AMD,2026-03-20
AMD260320C00430000,2026-01-08 15:41:33+00:00,430.0,0.1,0.08,0.11,0.0,0.0,53.0,2043,0.65039412109375,False,REGULAR,USD,53.0,38.54716981132076,0.03,AMD,2026-03-20
AMD260320C00470000,2026-01-08 16:32:37+00:00,470.0,0.05,0.02,0.08,0.0,0.0,105.0,1150,0.6718782812500002,False,REGULAR,USD,105.0,10.952380952380953,0.06,AMD,2026-03-20
AMD260320C00530000,2026-01-09 20:53:57+00:00,530.0,0.03,0.01,0.05,0.01,50.0,169.0,4163,0.7226590234375,False,REGULAR,USD,169.0,24.633136094674555,0.04,AMD,2026-03-20
AMZN260320C00260000,2026-01-09 20:58:56+00:00,260.0,9.5,9.4,9.5,0.25,2.7027028,1013.0,15579,0.34348190704345705,False,REGULAR,USD,1013.0,15.379072063178677,0.09999999999999964,AMZN,2026-03-20
AMZN260320C00265000,2026-01-09 20:53:07+00:00,265.0,7.74,7.7,7.8,0.13999987,1.8421035,319.0,6427,0.3406132833862304,False,REGULAR,USD,319.0,20.147335423197493,0.09999999999999964,AMZN,2026-03-20
AMZN260320C00270000,2026-01-09 20:57:53+00:00,270.0,6.3,6.25,6.35,0.1500001,2.4390259,901.0,12146,0.3382024188232422,False,REGULAR,USD,901.0,13.480577136514983,0.09999999999999964,AMZN,2026-03-20
AMZN260320C00275000,2026-01-09 20:59:02+00:00,275.0,5.15,5.0,5.1,0.1500001,3.000002,510.0,7690,0.3354558642578125,False,REGULAR,USD,510.0,15.07843137254902,0.09999999999999964,AMZN,2026-03-20
AMZN260320C00280000,2026-01-09 20:56:58+00:00,280.0,4.1,4.0,4.1,0.119999886,3.0150723,638.0,9086,0.3343572424316406,False,REGULAR,USD,638.0,14.241379310344827,0.09999999999999964,AMZN,2026-03-20
AMZN260320C00285000,2026-01-09 20:48:44+00:00,285.0,3.22,3.2,3.3,0.17000008,5.573773,357.0,2434,0.334418276977539,False,REGULAR,USD,357.0,6.817927170868347,0.09999999999999964,AMZN,2026-03-20
AMZN260320C00290000,2026-01-09 20:57:26+00:00,290.0,2.59,2.54,2.59,0.029999971,1.1718739,171.0,6673,0.332587240600586,False,REGULAR,USD,171.0,39.0233918128655,0.04999999999999982,AMZN,2026-03-20
AMZN260320C00300000,2026-01-09 20:54:54+00:00,300.0,1.6,1.59,1.63,-0.029999971,-1.840489,899.0,20622,0.33338068969726564,False,REGULAR,USD,899.0,22.938820912124584,0.039999999999999813,AMZN,2026-03-20
AMZN260320C00315000,2026-01-09 20:30:10+00:00,315.0,0.8,0.79,0.82,0.02000004,2.564108,119.0,1225,0.33765310791015624,False,REGULAR,USD,119.0,10.294117647058824,0.029999999999999916,AMZN,2026-03-20
AMZN260320C00325000,2026-01-09 20:58:22+00:00,325.0,0.51,0.5,0.52,0.01999998,4.081629,156.0,1675,0.3413151806640625,False,REGULAR,USD,156.0,10.737179487179487,0.020000000000000018,AMZN,2026-03-20
AMZN260320C00355000,2026-01-09 15:18:50+00:00,355.0,0.13,0.14,0.16,-0.02000001,-13.33334,103.0,848,0.36133451171875,False,REGULAR,USD,103.0,8.233009708737864,0.01999999999999999,AMZN,2026-03-20
AMZN260320C00370000,2026-01-08 20:35:11+00:00,370.0,0.1,0.08,0.1,0.0,0.0,73.0,3051,0.37402969726562496,False,REGULAR,USD,73.0,41.794520547945204,0.020000000000000004,AMZN,2026-03-20
AVGO260320C00500000,2026-01-09 20:37:32+00:00,500.0,1.69,1.64,1.7,0.3900001,30.00001,93.0,2405,0.5069629382324219,False,REGULAR,USD,93.0,25.86021505376344,0.06000000000000005,AVGO,2026-03-20
AVGO260320C00600000,2026-01-09 18:22:22+00:00,600.0,0.31,0.27,0.36,0.030000001,10.714286,87.0,774,0.5410202148437502,False,REGULAR,USD,87.0,8.89655172413793,0.08999999999999997,AVGO,2026-03-20
BAC260320C00057500,2026-01-09 20:59:26+00:00,57.5,1.5,1.53,1.61,-0.39,-20.63492,903.0,40470,0.24024197265624997,False,REGULAR,USD,903.0,44.817275747508305,0.08000000000000007,BAC,2026-03-20
BAC260320C00060000,2026-01-09 20:38:52+00:00,60.0,0.8,0.76,0.8,-0.18,-18.367348,516.0,18277,0.23120885986328127,False,REGULAR,USD,516.0,35.42054263565891,0.040000000000000036,BAC,2026-03-20
BAC260320C00062500,2026-01-09 20:17:53+00:00,62.5,0.37,0.34,0.38,-0.049999982,-11.904758,64.0,2741,0.2304764453125,False,REGULAR,USD,64.0,42.828125,0.03999999999999998,BAC,2026-03-20
BCS260320C00028000,2026-01-09 17:30:56+00:00,28.0,0.65,0.55,0.65,0.0,0.0,113.0,1198,0.31201859863281245,False,REGULAR,USD,113.0,10.601769911504425,0.09999999999999998,BCS,2026-03-20
CCL260320C00033000,2026-01-09 20:58:39+00:00,33.0,1.9,1.87,1.94,0.23000002,13.772456,169.0,2057,0.4194393994140625,False,REGULAR,USD,169.0,12.171597633136095,0.06999999999999984,CCL,2026-03-20
CGNX260220C00045000,2026-01-09 20:59:54+00:00,45.0,0.85,0.85,0.95,0.14000005,19.718317,80.0,1584,0.5400436621093752,False,REGULAR,USD,80.0,19.8,0.09999999999999998,CGNX,2026-02-20
CIFR260320C00018000,2026-01-09 20:49:49+00:00,18.0,2.47,2.46,2.54,0.00999999,0.40650368,552.0,7126,1.0620164086914063,False,REGULAR,USD,552.0,12.909420289855072,0.08000000000000007,CIFR,2026-03-20
CIFR260320C00020000,2026-01-09 20:50:49+00:00,20.0,1.9,1.82,1.92,0.100000024,5.5555573,1400.0,15994,1.052739111328125,False,REGULAR,USD,1400.0,11.424285714285714,0.09999999999999987,CIFR,2026-03-20
CIFR260320C00022000,2026-01-09 20:37:37+00:00,22.0,1.39,1.37,1.46,-0.00999999,-0.7142851,527.0,4681,1.0546922265625,False,REGULAR,USD,527.0,8.882352941176471,0.08999999999999986,CIFR,2026-03-20
CIFR260320C00024000,2026-01-09 20:39:50+00:00,24.0,1.08,1.03,1.12,-0.16999996,-13.599997,258.0,1774,1.05859845703125,False,REGULAR,USD,258.0,6.875968992248062,0.09000000000000008,CIFR,2026-03-20
CIFR260320C00025000,2026-01-09 20:39:54+00:00,25.0,0.95,0.94,0.98,0.0,0.0,809.0,13323,1.0698288696289064,False,REGULAR,USD,809.0,16.46847960444994,0.040000000000000036,CIFR,2026-03-20
CIFR260320C00026000,2026-01-09 19:35:47+00:00,26.0,0.84,0.8,0.87,0.06999999,9.090909,136.0,2556,1.0693405908203126,False,REGULAR,USD,136.0,18.794117647058822,0.06999999999999995,CIFR,2026-03-20
CLF260320C00018000,2026-01-09 19:30:33+00:00,18.0,0.31,0.26,0.35,0.09,40.909092,103.0,3695,0.711916943359375,False,REGULAR,USD,103.0,35.87378640776699,0.08999999999999997,CLF,2026-03-20
CLF260320C00020000,2026-01-09 17:36:06+00:00,20.0,0.21,0.11,0.21,0.059999987,39.99999,152.0,5239,0.71679970703125,False,REGULAR,USD,152.0,34.4671052631579,0.09999999999999999,CLF,2026-03-20
CNQ260320C00032500,2026-01-09 20:43:14+00:00,32.5,1.35,1.35,1.45,0.14999998,12.499998,421.0,3679,0.2971261694335937,False,REGULAR,USD,421.0,8.738717339667458,0.09999999999999987,CNQ,2026-03-20
CVX260320C00175000,2026-01-09 20:59:38+00:00,175.0,1.92,1.85,1.95,0.26999998,16.363636,1421.0,13796,0.22229781616210934,False,REGULAR,USD,1421.0,9.708655876143562,0.09999999999999987,CVX,2026-03-20
CVX260320C00190000,2026-01-09 20:58:15+00:00,190.0,0.58,0.57,0.65,0.0,0.0,179.0,1510,0.2555006091308594,False,REGULAR,USD,179.0,8.435754189944134,0.08000000000000007,CVX,2026-03-20
CVX260320C00200000,2026-01-09 20:41:52+00:00,200.0,0.4,0.31,0.4,0.03999999,11.111108,64.0,546,0.2854075366210937,False,REGULAR,USD,64.0,8.53125,0.09000000000000002,CVX,2026-03-20
CX260220C00013000,2026-01-09 20:52:07+00:00,13.0,0.42,0.4,0.45,0.03999999,10.526314,623.0,8937,0.418951123046875,False,REGULAR,USD,623.0,14.34510433386838,0.04999999999999999,CX,2026-02-20
DAL260320C00085000,2026-01-09 20:45:43+00:00,85.0,1.11,1.07,1.17,0.08000004,7.766995,136.0,1570,0.38843385009765624,False,REGULAR,USD,136.0,11.544117647058824,0.09999999999999987,DAL,2026-03-20
DVN260320C00040000,2026-01-09 20:36:41+00:00,40.0,0.7,0.64,0.7,-0.110000014,-13.580249,175.0,8173,0.33789724609375,False,REGULAR,USD,175.0,46.70285714285714,0.05999999999999994,DVN,2026-03-20
EOSE260320C00016000,2026-01-09 20:57:35+00:00,16.0,2.59,2.54,2.62,0.68999994,36.31579,425.0,5014,1.0966842041015625,False,REGULAR,USD,425.0,11.797647058823529,0.08000000000000007,EOSE,2026-03-20
EOSE260320C00017000,2026-01-09 20:56:47+00:00,17.0,2.24,2.2,2.3,0.58000004,34.939762,206.0,2635,1.1025435498046878,False,REGULAR,USD,206.0,12.79126213592233,0.09999999999999964,EOSE,2026-03-20
EOSE260320C00020000,2026-01-09 20:51:50+00:00,20.0,1.52,1.45,1.54,0.52,52.0,1179.0,12861,1.1162153564453123,False,REGULAR,USD,1179.0,10.908396946564885,0.09000000000000008,EOSE,2026-03-20
EPD260320C00034000,2026-01-09 18:13:02+00:00,34.0,0.1,0.09,0.11,0.020000003,25.000006,255.0,8273,0.1211025390625,False,REGULAR,USD,255.0,32.44313725490196,0.020000000000000004,EPD,2026-03-20
EPD260320C00035000,2026-01-02 17:36:07+00:00,35.0,0.03,0.03,0.08,0.0,0.0,50.0,2024,0.147469462890625,False,REGULAR,USD,50.0,40.48,0.05,EPD,2026-03-20
EXK260220C00010000,2026-01-09 20:45:54+00:00,10.0,1.57,1.55,1.65,0.4100001,35.344837,3060.0,16373,0.9335944140625,True,REGULAR,USD,3060.0,5.3506535947712415,0.09999999999999987,EXK,2026-02-20
EXK260220C00012500,2026-01-09 20:52:02+00:00,12.5,0.68,0.65,0.7,0.15000004,28.301895,1399.0,16342,0.937500625,False,REGULAR,USD,1399.0,11.68120085775554,0.04999999999999993,EXK,2026-02-20
EXK260220C00015000,2026-01-09 20:58:32+00:00,15.0,0.32,0.3,0.35,0.099999994,45.454544,420.0,3877,1.0078174609375,False,REGULAR,USD,420.0,9.230952380952381,0.04999999999999999,EXK,2026-02-20
F260320C00014850,2026-01-09 19:30:04+00:00,14.85,0.47,0.47,0.49,-0.119999975,-20.33898,1654.0,21459,0.3086006640625,False,REGULAR,USD,1654.0,12.974002418379685,0.020000000000000018,F,2026-03-20
F260320C00016000,2026-01-09 20:59:13+00:00,16.0,0.22,0.19,0.21,-0.019999996,-8.333332,1095.0,6206,0.31250687499999996,False,REGULAR,USD,1095.0,5.667579908675799,0.01999999999999999,F,2026-03-20
F260320C00017000,2026-01-09 20:44:59+00:00,17.0,0.09,0.1,0.11,-0.049999997,-35.714283,170.0,2423,0.331061376953125,False,REGULAR,USD,170.0,14.25294117647059,0.009999999999999995,F,2026-03-20
FCX260320C00070000,2026-01-09 20:51:41+00:00,70.0,0.73,0.73,0.8,0.20000005,37.735863,336.0,5536,0.44385321777343745,False,REGULAR,USD,336.0,16.476190476190474,0.07000000000000006,FCX,2026-03-20
GM260320C00090000,2026-01-09 20:55:59+00:00,90.0,2.35,2.31,2.37,-0.85000014,-26.562504,84.0,1094,0.3479069116210937,False,REGULAR,USD,84.0,13.023809523809524,0.06000000000000005,GM,2026-03-20
GOOG260320C00400000,2026-01-09 20:23:50+00:00,400.0,2.66,2.53,2.6,0.16000009,6.4000034,234.0,1380,0.3521182952880859,False,REGULAR,USD,234.0,5.897435897435898,0.07000000000000028,GOOG,2026-03-20
GOOG260320C00410000,2026-01-09 20:17:53+00:00,410.0,1.93,1.82,1.88,0.059999943,3.208553,88.0,3268,0.35352208984374994,False,REGULAR,USD,88.0,37.13636363636363,0.05999999999999983,GOOG,2026-03-20
GOOGL260320C00540000,2026-01-09 20:52:32+00:00,540.0,0.06,0.03,0.08,0.02,50.0,91.0,802,0.42578699218750005,False,REGULAR,USD,91.0,8.813186813186814,0.05,GOOGL,2026-03-20
HAL260320C00032000,2026-01-09 20:52:57+00:00,32.0,2.4,2.36,2.44,0.20000005,9.090911,98.0,3745,0.37964487548828124,True,REGULAR,USD,98.0,38.214285714285715,0.08000000000000007,HAL,2026-03-20
HAL260320C00034000,2026-01-09 20:19:03+00:00,34.0,1.46,1.43,1.51,0.060000062,4.285719,138.0,1561,0.37085590087890624,False,REGULAR,USD,138.0,11.31159420289855,0.08000000000000007,HAL,2026-03-20
HAL260320C00035000,2026-01-09 20:57:53+00:00,35.0,1.12,1.08,1.15,0.07000005,6.666672,464.0,6875,0.36597313720703123,False,REGULAR,USD,464.0,14.816810344827585,0.06999999999999984,HAL,2026-03-20
HL260320C00024000,2026-01-09 20:42:46+00:00,24.0,2.78,2.73,2.81,0.87,45.54974,102.0,1717,0.8784191845703124,False,REGULAR,USD,102.0,16.833333333333332,0.08000000000000007,HL,2026-03-20
HL260320C00025000,2026-01-09 20:37:43+00:00,25.0,2.44,2.41,2.49,0.57000005,30.481285,1043.0,5541,0.8828136718749999,False,REGULAR,USD,1043.0,5.312559923298179,0.08000000000000007,HL,2026-03-20
HL260320C00026000,2026-01-09 20:38:06+00:00,26.0,2.17,2.13,2.22,0.69000006,46.621624,66.0,906,0.8891612646484374,False,REGULAR,USD,66.0,13.727272727272727,0.0900000000000003,HL,2026-03-20
HL260320C00028000,2026-01-09 19:50:17+00:00,28.0,1.67,1.67,1.73,0.44999993,36.88524,65.0,622,0.8969736865234373,False,REGULAR,USD,65.0,9.569230769230769,0.06000000000000005,HL,2026-03-20
HL260320C00030000,2026-01-09 20:15:21+00:00,30.0,1.35,1.32,1.4,0.32000005,31.067966,261.0,8519,0.913086806640625,False,REGULAR,USD,261.0,32.63984674329502,0.07999999999999985,HL,2026-03-20
HPE260320C00022000,2026-01-09 20:35:10+00:00,22.0,1.81,1.74,1.83,0.089999914,5.232553,210.0,7413,0.45898978515625005,True,REGULAR,USD,210.0,35.3,0.09000000000000008,HPE,2026-03-20
HPE260320C00023000,2026-01-09 20:40:13+00:00,23.0,1.31,1.27,1.32,0.00999999,0.76923007,91.0,1429,0.43848217773437503,False,REGULAR,USD,91.0,15.703296703296703,0.050000000000000044,HPE,2026-03-20
HPE260320C00025000,2026-01-09 19:43:02+00:00,25.0,0.69,0.61,0.64,0.04000002,6.1538496,228.0,2405,0.41748629394531245,False,REGULAR,USD,228.0,10.548245614035087,0.030000000000000027,HPE,2026-03-20
HPE260320C00026000,2026-01-09 19:43:53+00:00,26.0,0.46,0.41,0.44,0.01000002,2.2222269,81.0,2626,0.415044912109375,False,REGULAR,USD,81.0,32.41975308641975,0.030000000000000027,HPE,2026-03-20
HPE260320C00035000,2026-01-08 14:42:04+00:00,35.0,0.03,0.03,0.06,0.0,0.0,100.0,887,0.51562984375,False,REGULAR,USD,100.0,8.87,0.03,HPE,2026-03-20
INTC260320C00045000,2026-01-09 20:58:34+00:00,45.0,5.25,5.2,5.3,2.38,82.926834,5844.0,73265,0.6394079028320312,True,REGULAR,USD,5844.0,12.536789869952088,0.09999999999999964,INTC,2026-03-20
INTC260320C00048000,2026-01-09 20:56:15+00:00,48.0,4.1,4.0,4.1,1.9699998,92.48825,2991.0,19102,0.6457554956054687,False,REGULAR,USD,2991.0,6.3864928117686395,0.09999999999999964,INTC,2026-03-20
INTC260320C00055000,2026-01-09 20:53:16+00:00,55.0,2.27,2.23,2.3,1.14,100.88495,3371.0,38903,0.6752962158203126,False,REGULAR,USD,3371.0,11.540492435479086,0.06999999999999984,INTC,2026-03-20
JOBY260320C00015000,2026-01-09 20:16:17+00:00,15.0,2.48,2.42,2.5,0.03999996,1.6393427,66.0,853,0.8686536572265625,True,REGULAR,USD,66.0,12.924242424242424,0.08000000000000007,JOBY,2026-03-20
JOBY260320C00016000,2026-01-09 20:31:16+00:00,16.0,1.95,2.0,2.07,-0.099999905,-4.878044,94.0,1386,0.866212275390625,False,REGULAR,USD,94.0,14.74468085106383,0.06999999999999984,JOBY,2026-03-20
JOBY260320C00020000,2026-01-09 20:49:36+00:00,20.0,0.94,0.9,0.98,-0.030000031,-3.0927868,292.0,5406,0.8720715917968749,False,REGULAR,USD,292.0,18.513698630136986,0.07999999999999996,JOBY,2026-03-20
KEY260320C00023000,2026-01-09 20:58:04+00:00,23.0,0.3,0.26,0.31,-0.119999975,-28.571424,103.0,1388,0.25098405273437496,False,REGULAR,USD,103.0,13.475728155339805,0.04999999999999999,KEY,2026-03-20
LUV260320C00047500,2026-01-09 20:52:21+00:00,47.5,1.72,1.79,1.88,0.5,40.983604,242.0,5634,0.3979552392578125,False,REGULAR,USD,242.0,23.28099173553719,0.08999999999999986,LUV,2026-03-20
LVS260320C00042500,2025-11-07 19:52:37+00:00,42.5,23.5,0.0,0.0,0.0,0.0,300.0,2303,1.0000000000000003e-05,True,REGULAR,USD,300.0,7.676666666666667,0.0,LVS,2026-03-20
LYFT260320C00019000,2026-01-09 20:34:26+00:00,19.0,2.24,2.2,2.28,-0.00999999,-0.44444403,124.0,1561,0.65039412109375,True,REGULAR,USD,124.0,12.588709677419354,0.07999999999999963,LYFT,2026-03-20
LYFT260320C00020000,2026-01-09 20:57:00+00:00,20.0,1.81,1.79,1.85,-0.110000014,-5.7291675,692.0,4813,0.6513706738281251,False,REGULAR,USD,692.0,6.955202312138728,0.06000000000000005,LYFT,2026-03-20
MRVL260320C00105000,2026-01-09 20:48:41+00:00,105.0,2.36,2.29,2.38,-0.05000019,-2.0746968,77.0,3443,0.5910685424804689,False,REGULAR,USD,77.0,44.714285714285715,0.08999999999999986,MRVL,2026-03-20
MRVL260320C00110000,2026-01-09 20:42:32+00:00,110.0,1.76,1.75,1.8,-0.049999952,-2.7624285,132.0,5318,0.600712000732422,False,REGULAR,USD,132.0,40.28787878787879,0.050000000000000044,MRVL,2026-03-20
NEE260320C00110000,2026-01-05 15:37:03+00:00,110.0,0.02,0.0,0.1,0.0,0.0,125.0,1065,0.35742830078125,False,REGULAR,USD,125.0,8.52,0.1,NEE,2026-03-20
NGD260320C00011000,2026-01-09 19:26:42+00:00,11.0,0.83,0.8,0.9,0.19999999,31.746029,129.0,1104,0.7158231542968749,False,REGULAR,USD,129.0,8.55813953488372,0.09999999999999998,NGD,2026-03-20
NU260320C00017000,2026-01-09 20:07:36+00:00,17.0,1.47,1.44,1.48,-0.049999952,-3.2894704,223.0,10205,0.41699801757812494,True,REGULAR,USD,223.0,45.762331838565025,0.040000000000000036,NU,2026-03-20
NU260320C00019000,2026-01-09 20:57:52+00:00,19.0,0.61,0.57,0.61,-0.050000012,-7.5757594,95.0,3503,0.39258419921875,False,REGULAR,USD,95.0,36.873684210526314,0.040000000000000036,NU,2026-03-20
NU260320C00021000,2026-01-09 20:21:30+00:00,21.0,0.23,0.22,0.24,-0.029999986,-11.538456,236.0,5573,0.39942006835937505,False,REGULAR,USD,236.0,23.614406779661017,0.01999999999999999,NU,2026-03-20
NVDA260320C00180000,2026-01-09 20:58:21+00:00,180.0,16.9,16.8,16.9,-0.59000015,-3.3733573,1909.0,41639,0.4578301287841797,True,REGULAR,USD,1909.0,21.811943425877423,0.09999999999999787,NVDA,2026-03-20
NVDA260320C00185000,2026-01-09 20:57:53+00:00,185.0,14.2,14.15,14.2,-0.5600004,-3.794041,3562.0,36088,0.4493463269042969,False,REGULAR,USD,3562.0,10.13138686131387,0.049999999999998934,NVDA,2026-03-20
NVDA260320C00190000,2026-01-09 20:59:51+00:00,190.0,11.83,11.8,11.85,-0.52000046,-4.21053,9311.0,72089,0.4434259759521484,False,REGULAR,USD,9311.0,7.742347760713135,0.049999999999998934,NVDA,2026-03-20
NVDA260320C00195000,2026-01-09 20:59:54+00:00,195.0,9.78,9.75,9.8,-0.52000046,-5.048548,5713.0,57914,0.43848217773437503,False,REGULAR,USD,5713.0,10.137230876947314,0.05000000000000071,NVDA,2026-03-20
NVDA260320C00210000,2026-01-09 20:59:53+00:00,210.0,5.25,5.2,5.3,-0.4000001,-7.0796475,7166.0,63403,0.429265961303711,False,REGULAR,USD,7166.0,8.847753279374826,0.09999999999999964,NVDA,2026-03-20
NVDA260320C00220000,2026-01-09 20:57:33+00:00,220.0,3.4,3.35,3.4,-0.29999995,-8.108107,3182.0,46610,0.42590906127929695,False,REGULAR,USD,3182.0,14.648020113136392,0.04999999999999982,NVDA,2026-03-20
NVDA260320C00230000,2026-01-09 20:59:18+00:00,230.0,2.16,2.13,2.16,-0.23000002,-9.623431,1149.0,43889,0.4255428540039063,False,REGULAR,USD,1149.0,38.197563098346386,0.03000000000000025,NVDA,2026-03-20
NVDA260320C00240000,2026-01-09 20:52:36+00:00,240.0,1.38,1.37,1.38,-0.15999997,-10.389608,1588.0,40421,0.42810630493164065,False,REGULAR,USD,1588.0,25.45403022670025,0.009999999999999787,NVDA,2026-03-20
NVDA260320C00250000,2026-01-09 20:59:57+00:00,250.0,0.91,0.89,0.91,-0.099999964,-9.900987,1543.0,50110,0.4343318286132813,False,REGULAR,USD,1543.0,32.47569669475049,0.020000000000000018,NVDA,2026-03-20
NVDA260320C00260000,2026-01-09 20:57:58+00:00,260.0,0.6,0.6,0.61,-0.06999999,-10.44776,1488.0,32492,0.44165597412109375,False,REGULAR,USD,1488.0,21.836021505376344,0.010000000000000009,NVDA,2026-03-20
NVDA260320C00280000,2026-01-09 19:30:18+00:00,280.0,0.31,0.28,0.3,-0.00999999,-3.1249971,501.0,6852,0.46045461425781253,False,REGULAR,USD,501.0,13.676646706586826,0.019999999999999962,NVDA,2026-03-20
NVDA260320C00290000,2026-01-09 19:05:38+00:00,290.0,0.2,0.2,0.22,-0.030000001,-13.043478,169.0,2128,0.47119669433593747,False,REGULAR,USD,169.0,12.591715976331361,0.01999999999999999,NVDA,2026-03-20
NVDA260320C00300000,2026-01-09 20:32:51+00:00,300.0,0.16,0.14,0.16,-0.010000005,-5.882356,458.0,10828,0.4804739453125,False,REGULAR,USD,458.0,23.641921397379914,0.01999999999999999,NVDA,2026-03-20
NVDA260320C00310000,2026-01-09 20:56:14+00:00,310.0,0.11,0.1,0.12,-0.009999998,-8.333332,140.0,1383,0.49023947265625006,False,REGULAR,USD,140.0,9.878571428571428,0.01999999999999999,NVDA,2026-03-20
NVDA260320C00320000,2026-01-09 17:11:09+00:00,320.0,0.09,0.08,0.09,0.0,0.0,80.0,1806,0.499028447265625,False,REGULAR,USD,80.0,22.575,0.009999999999999995,NVDA,2026-03-20
NVDA260320C00370000,2026-01-08 18:33:30+00:00,370.0,0.03,0.02,0.03,0.0,0.0,101.0,1383,0.5390671093750001,False,REGULAR,USD,101.0,13.693069306930694,0.009999999999999998,NVDA,2026-03-20
NVTS260320C00012000,2026-01-09 20:51:57+00:00,12.0,1.14,1.09,1.17,-0.05000007,-4.2016864,679.0,5434,1.0341845166015626,False,REGULAR,USD,679.0,8.002945508100147,0.07999999999999985,NVTS,2026-03-20
NVTS260320C00015000,2026-01-09 20:56:12+00:00,15.0,0.67,0.65,0.73,-0.060000002,-8.219178,282.0,5181,1.1318402783203125,False,REGULAR,USD,282.0,18.372340425531913,0.07999999999999996,NVTS,2026-03-20
NVTS260320C00017000,2026-01-09 20:02:34+00:00,17.0,0.48,0.47,0.55,-0.060000032,-11.111116,53.0,1622,1.1757853710937498,False,REGULAR,USD,53.0,30.60377358490566,0.08000000000000007,NVTS,2026-03-20
ONDS260320C00018000,2026-01-09 20:55:34+00:00,18.0,1.64,1.61,1.69,-0.15999997,-8.888887,308.0,4280,1.2607458837890624,False,REGULAR,USD,308.0,13.896103896103897,0.07999999999999985,ONDS,2026-03-20
PATH260220C00016000,2026-01-09 20:46:59+00:00,16.0,1.37,1.42,1.45,-0.43999994,-24.30939,498.0,7014,0.59570716796875,True,REGULAR,USD,498.0,14.08433734939759,0.030000000000000027,PATH,2026-02-20
PATH260220C00019000,2026-01-09 20:41:19+00:00,19.0,0.49,0.43,0.48,-0.18,-26.865673,1226.0,12091,0.6054726953125001,False,REGULAR,USD,1226.0,9.862153344208808,0.04999999999999999,PATH,2026-02-20
PLTR260320C00250000,2026-01-09 20:54:58+00:00,250.0,1.77,1.74,1.79,0.049999952,2.9069738,143.0,4954,0.5582319567871095,False,REGULAR,USD,143.0,34.64335664335665,0.050000000000000044,PLTR,2026-03-20
PLTR260320C00270000,2026-01-09 19:38:32+00:00,270.0,0.95,0.92,0.96,-0.099999964,-9.523807,84.0,4190,0.5668988623046876,False,REGULAR,USD,84.0,49.88095238095238,0.039999999999999925,PLTR,2026-03-20
PONY260220C00020000,2026-01-09 20:54:59+00:00,20.0,0.87,0.82,0.89,0.04000002,4.8192797,257.0,3424,0.79101771484375,False,REGULAR,USD,257.0,13.32295719844358,0.07000000000000006,PONY,2026-02-20
QS260220C00014000,2026-01-09 20:23:43+00:00,14.0,0.42,0.39,0.47,-0.050000012,-10.6383,174.0,3065,0.98242205078125,False,REGULAR,USD,174.0,17.614942528735632,0.07999999999999996,QS,2026-02-20
QS260220C00016000,2026-01-09 20:58:53+00:00,16.0,0.31,0.25,0.31,-0.030000001,-8.823529,317.0,6171,1.0722702636718753,False,REGULAR,USD,317.0,19.466876971608833,0.06,QS,2026-02-20
QS260220C00018000,2026-01-09 20:19:12+00:00,18.0,0.2,0.2,0.22,-0.030000001,-13.043478,197.0,3077,1.171879140625,False,REGULAR,USD,197.0,15.619289340101522,0.01999999999999999,QS,2026-02-20
QS260220C00020000,2026-01-09 20:52:12+00:00,20.0,0.16,0.15,0.16,-0.02000001,-11.111116,437.0,7677,1.2382850585937497,False,REGULAR,USD,437.0,17.5675057208238,0.010000000000000009,QS,2026-02-20
QS260220C00025000,2026-01-09 20:46:12+00:00,25.0,0.08,0.05,0.1,-0.020000003,-20.000004,82.0,2239,1.3515657421874998,False,REGULAR,USD,82.0,27.304878048780488,0.05,QS,2026-02-20
RGTI260320C00030000,2026-01-09 20:46:00+00:00,30.0,2.72,2.64,2.72,-0.119999886,-4.2253485,121.0,638,1.0459032080078128,False,REGULAR,USD,121.0,5.2727272727272725,0.08000000000000007,RGTI,2026-03-20
RIOT260320C00018000,2026-01-09 19:51:12+00:00,18.0,1.33,1.3,1.37,0.060000062,4.7244143,326.0,4334,0.8588881298828125,False,REGULAR,USD,326.0,13.294478527607362,0.07000000000000006,RIOT,2026-03-20
RIOT260320C00025000,2026-01-09 20:29:32+00:00,25.0,0.39,0.39,0.49,0.0,0.0,409.0,5941,0.9443364941406249,False,REGULAR,USD,409.0,14.525672371638143,0.09999999999999998,RIOT,2026-03-20
RIOT260320C00033000,2025-11-28 15:11:17+00:00,33.0,0.62,0.0,0.0,0.0,0.0,50.0,653,0.500005,False,REGULAR,USD,50.0,13.06,0.0,RIOT,2026-03-20
RKT260320C00023000,2026-01-09 20:58:36+00:00,23.0,2.68,2.68,2.74,1.1200001,71.794876,3357.0,62411,0.6450230810546875,True,REGULAR,USD,3357.0,18.591301757521595,0.06000000000000005,RKT,2026-03-20
RKT260320C00025000,2026-01-09 20:49:55+00:00,25.0,1.86,1.85,1.92,0.86,86.0,2817.0,18170,0.6401403173828125,False,REGULAR,USD,2817.0,6.450124245651402,0.06999999999999984,RKT,2026-03-20
RKT260320C00030000,2026-01-09 20:59:11+00:00,30.0,0.72,0.69,0.75,0.37000003,105.714294,714.0,7054,0.6445348046875,False,REGULAR,USD,714.0,9.879551820728292,0.06000000000000005,RKT,2026-03-20
SBLK260220C00021000,2026-01-09 19:50:47+00:00,21.0,0.27,0.2,0.3,-0.42999998,-61.42857,69.0,941,0.299811689453125,False,REGULAR,USD,69.0,13.63768115942029,0.09999999999999998,SBLK,2026-02-20
SBSW260220C00017000,2026-01-09 20:59:53+00:00,17.0,0.9,0.85,0.95,0.099999964,12.499995,117.0,3116,0.6875031250000001,False,REGULAR,USD,117.0,26.632478632478634,0.09999999999999998,SBSW,2026-02-20
SCHW260320C00110000,2026-01-09 20:27:16+00:00,110.0,1.35,1.3,1.35,-0.28999996,-17.682924,190.0,5841,0.26148199462890626,False,REGULAR,USD,190.0,30.742105263157896,0.050000000000000044,SCHW,2026-03-20
SLB260320C00047500,2026-01-09 20:58:54+00:00,47.5,1.59,1.56,1.63,0.120000005,8.163265,647.0,4819,0.3286199951171874,False,REGULAR,USD,647.0,7.448222565687789,0.06999999999999984,SLB,2026-03-20
SLB260320C00060000,2026-01-09 17:55:43+00:00,60.0,0.18,0.13,0.23,0.010000005,5.882356,139.0,874,0.4165097412109374,False,REGULAR,USD,139.0,6.287769784172662,0.1,SLB,2026-03-20
SOFI260320C00025000,2026-01-09 20:34:05+00:00,25.0,4.3,4.25,4.35,-0.33999968,-7.3275795,307.0,12830,0.6555210229492189,True,REGULAR,USD,307.0,41.79153094462541,0.09999999999999964,SOFI,2026-03-20
SOFI260320C00028000,2026-01-09 20:57:33+00:00,28.0,2.75,2.7,2.78,-0.26,-8.637874,646.0,5639,0.6372106591796876,False,REGULAR,USD,646.0,8.729102167182663,0.07999999999999963,SOFI,2026-03-20
SOFI260320C00030000,2026-01-09 20:59:56+00:00,30.0,1.97,1.94,2.0,-0.18000007,-8.372096,1556.0,21904,0.6293982373046876,False,REGULAR,USD,1556.0,14.077120822622108,0.06000000000000005,SOFI,2026-03-20
SOFI260320C00031000,2026-01-09 20:47:49+00:00,31.0,1.67,1.63,1.7,-0.21000004,-11.170216,160.0,4618,0.6274451318359376,False,REGULAR,USD,160.0,28.8625,0.07000000000000006,SOFI,2026-03-20
SOFI260320C00033000,2026-01-09 19:44:07+00:00,33.0,1.17,1.15,1.2,-0.23000002,-16.428574,91.0,3551,0.6250037500000001,False,REGULAR,USD,91.0,39.02197802197802,0.050000000000000044,SOFI,2026-03-20
SOFI260320C00035000,2026-01-09 20:57:38+00:00,35.0,0.83,0.81,0.85,-0.120000005,-12.63158,761.0,14799,0.6269568554687501,False,REGULAR,USD,761.0,19.446780551905388,0.039999999999999925,SOFI,2026-03-20
TD260220C00095000,2026-01-09 20:27:41+00:00,95.0,1.85,1.95,2.05,0.01999998,1.0928952,100.0,768,0.1914143359375,False,REGULAR,USD,100.0,7.68,0.09999999999999987,TD,2026-02-20
TSLA260320C00485000,2026-01-09 20:38:39+00:00,485.0,22.1,21.85,21.95,2.7000008,13.91753,105.0,540,0.4845022253417969,False,REGULAR,USD,105.0,5.142857142857143,0.09999999999999787,TSLA,2026-03-20
TSLA260320C00510000,2026-01-09 20:58:23+00:00,510.0,15.55,15.5,15.6,1.6500006,11.870508,433.0,2226,0.4877065390014649,False,REGULAR,USD,433.0,5.140877598152425,0.09999999999999964,TSLA,2026-03-20
TSLA260320C00520000,2026-01-09 20:59:36+00:00,520.0,13.56,13.5,13.6,1.4100008,11.604945,147.0,2691,0.4896596444702149,False,REGULAR,USD,147.0,18.306122448979593,0.09999999999999964,TSLA,2026-03-20
TSLA260320C00530000,2026-01-09 20:58:34+00:00,530.0,11.74,11.8,11.9,1.2399998,11.809522,206.0,2737,0.4926198199462891,False,REGULAR,USD,206.0,13.28640776699029,0.09999999999999964,TSLA,2026-03-20
TSLA260320C00540000,2026-01-09 20:20:00+00:00,540.0,10.4,10.3,10.4,1.25,13.661202,125.0,3283,0.49539689178466795,False,REGULAR,USD,125.0,26.264,0.09999999999999964,TSLA,2026-03-20
TSLA260320C00550000,2026-01-09 20:58:52+00:00,550.0,9.0,9.0,9.1,0.8999996,11.111106,1235.0,6917,0.4984486190795898,False,REGULAR,USD,1235.0,5.600809716599191,0.09999999999999964,TSLA,2026-03-20
TSLA260320C00600000,2026-01-09 20:56:47+00:00,600.0,4.69,4.7,4.8,0.38999987,9.069764,885.0,12712,0.5153857055664062,False,REGULAR,USD,885.0,14.363841807909605,0.09999999999999964,TSLA,2026-03-20
TSLA260320C00640000,2026-01-09 20:17:53+00:00,640.0,2.93,2.92,2.96,0.13000011,4.6428614,78.0,1264,0.5314377911376953,False,REGULAR,USD,78.0,16.205128205128204,0.040000000000000036,TSLA,2026-03-20
TSLA260320C00650000,2026-01-09 20:49:36+00:00,650.0,2.62,2.61,2.65,0.21999979,9.166658,285.0,6429,0.5358933129882812,False,REGULAR,USD,285.0,22.557894736842105,0.040000000000000036,TSLA,2026-03-20
TSLA260320C00680000,2026-01-09 20:59:39+00:00,680.0,1.92,1.89,1.93,0.00999999,0.5235597,71.0,1111,0.5494429821777345,False,REGULAR,USD,71.0,15.647887323943662,0.040000000000000036,TSLA,2026-03-20
TSLA260320C00700000,2026-01-09 20:58:33+00:00,700.0,1.56,1.55,1.58,0.03999996,2.6315765,538.0,11509,0.5587202331542969,False,REGULAR,USD,538.0,21.392193308550187,0.030000000000000027,TSLA,2026-03-20
TSLA260320C00740000,2026-01-09 17:51:51+00:00,740.0,1.08,1.06,1.1,0.05000007,4.854376,70.0,899,0.577152666015625,False,REGULAR,USD,70.0,12.842857142857143,0.040000000000000036,TSLA,2026-03-20
TSLA260320C00990000,2026-01-09 20:53:25+00:00,990.0,0.2,0.17,0.21,-0.00999999,-4.7619004,244.0,2842,0.6806672558593752,False,REGULAR,USD,244.0,11.647540983606557,0.03999999999999998,TSLA,2026-03-20
UEC260320C00017000,2026-01-09 20:05:14+00:00,17.0,1.32,1.28,1.33,0.120000005,10.0,58.0,1272,0.8281267187499999,False,REGULAR,USD,58.0,21.93103448275862,0.050000000000000044,UEC,2026-03-20
USB260320C00057500,2026-01-09 20:56:17+00:00,57.5,1.43,1.38,1.47,-0.22000003,-13.333336,143.0,4913,0.25220474365234374,False,REGULAR,USD,143.0,34.35664335664335,0.09000000000000008,USB,2026-03-20
UUUU260220C00025000,2026-01-09 20:42:44+00:00,25.0,0.66,0.6,0.68,-0.109999955,-14.285709,123.0,1289,1.0107471337890623,False,REGULAR,USD,123.0,10.479674796747968,0.08000000000000007,UUUU,2026-02-20
VALE260320C00014000,2026-01-09 19:48:02+00:00,14.0,0.68,0.67,0.7,-0.01999998,-2.8571403,897.0,16870,0.29688203124999996,False,REGULAR,USD,897.0,18.807134894091416,0.029999999999999916,VALE,2026-03-20
VALE260320C00020000,2026-01-09 14:50:29+00:00,20.0,0.04,0.02,0.04,0.01,33.333336,100.0,1744,0.44922425781249997,False,REGULAR,USD,100.0,17.44,0.02,VALE,2026-03-20
WBD260320C00031000,2026-01-09 18:59:12+00:00,31.0,0.54,0.55,0.59,0.04000002,8.000004,374.0,17175,0.27197993652343744,False,REGULAR,USD,374.0,45.92245989304813,0.039999999999999925,WBD,2026-03-20
WBD260320C00035000,2026-01-09 18:10:32+00:00,35.0,0.11,0.1,0.15,0.019999996,22.222216,502.0,7861,0.31250687499999996,False,REGULAR,USD,502.0,15.659362549800797,0.04999999999999999,WBD,2026-03-20
WMT260320C00125000,2026-01-09 20:56:53+00:00,125.0,1.52,1.5,1.56,0.120000005,8.571429,410.0,8673,0.2525709509277344,False,REGULAR,USD,410.0,21.153658536585365,0.06000000000000005,WMT,2026-03-20
WULF260320C00013000,2026-01-09 20:41:37+00:00,13.0,2.17,2.18,2.26,0.08000016,3.8277593,234.0,3948,0.9726565234375,True,REGULAR,USD,234.0,16.871794871794872,0.07999999999999963,WULF,2026-03-20
WULF260320C00014000,2026-01-09 20:49:59+00:00,14.0,1.81,1.82,1.85,0.119999886,7.1005845,1120.0,9798,0.97460962890625,False,REGULAR,USD,1120.0,8.748214285714285,0.030000000000000027,WULF,2026-03-20
WULF260320C00020000,2026-01-09 20:20:21+00:00,20.0,0.51,0.48,0.56,0.01999998,4.081629,280.0,1406,0.954102021484375,False,REGULAR,USD,280.0,5.021428571428571,0.08000000000000007,WULF,2026-03-20
WYNN260320C00195000,2025-12-02 20:40:10+00:00,195.0,0.8,0.0,0.0,0.0,0.0,200.0,1513,0.2500075,False,REGULAR,USD,200.0,7.565,0.0,WYNN,2026-03-20
